{"cameraMode":{"drawMode":0,"name":"Shaded","section":"Shading Mode"},"sceneLighting":true,"audioPlay":false,"sceneViewState":{"m_AlwaysRefresh":false,"showFog":true,"showSkybox":true,"showFlares":true,"showImageEffects":true,"showParticleSystems":true,"showVisualEffectGraphs":true,"m_FxEnabled":true},"in2DMode":false,"pivot":{"x":513.5120849609375,"y":6.7742719650268559,"z":479.6433410644531},"rotation":{"x":0.12583275139331819,"y":0.5855528712272644,"z":-0.09259901940822602,"w":0.7954660058021545},"size":13.648045539855957,"orthographic":false}